name,url,image
3 CHÊNES,https://www.paranewera.com/brand/665-3-chenes,https://pnecdn1-2074b.kxcdn.com/img/m/665-small_default.jpg
3C PHARMA,https://www.paranewera.com/brand/496-3c-pharma,https://pnecdn2-2074b.kxcdn.com/img/m/496-small_default.jpg
8882,https://www.paranewera.com/brand/410-8882,https://pnecdn1-2074b.kxcdn.com/img/m/410-small_default.jpg
A-DERMA,https://www.paranewera.com/brand/26-a-derma,https://pnecdn1-2074b.kxcdn.com/img/m/26-small_default.jpg
ABENA,https://www.paranewera.com/brand/549-abena,https://pnecdn1-2074b.kxcdn.com/img/m/549-small_default.jpg
ABSOLUTE NEW YORK,https://www.paranewera.com/brand/508-absolute-new-york,https://pnecdn2-2074b.kxcdn.com/img/m/508-small_default.jpg
ACCU-CHECK,https://www.paranewera.com/brand/451-accu-check,https://pnecdn2-2074b.kxcdn.com/img/m/451-small_default.jpg
ACM,https://www.paranewera.com/brand/27-acm,https://pnecdn1-2074b.kxcdn.com/img/m/27-small_default.jpg
ACTIVA CHRONO,https://www.paranewera.com/brand/924-activa-chrono,https://pnecdn2-2074b.kxcdn.com/img/m/924-small_default.jpg
ADDAX,https://www.paranewera.com/brand/28-addax,https://pnecdn1-2074b.kxcdn.com/img/m/28-small_default.jpg
ADRIEN GAGNON,https://www.paranewera.com/brand/681-adrien-gagnon,https://pnecdn2-2074b.kxcdn.com/img/m/681-small_default.jpg
AINHOA,https://www.paranewera.com/brand/793-ainhoa,https://pnecdn1-2074b.kxcdn.com/img/m/793-small_default.jpg
ALCE NERO,https://www.paranewera.com/brand/861-alce-nero,https://pnecdn1-2074b.kxcdn.com/img/m/861-small_default.jpg
ALFADERM,https://www.paranewera.com/brand/851-alfaderm,https://pnecdn1-2074b.kxcdn.com/img/m/851-small_default.jpg
ALGOLOGIE,https://www.paranewera.com/brand/617-algologie,https://pnecdn1-2074b.kxcdn.com/img/m/617-small_default.jpg
ALOE FRESH,https://www.paranewera.com/brand/32-aloe-fresh,https://pnecdn1-2074b.kxcdn.com/img/m/32-small_default.jpg
ALPHANOVA,https://www.paranewera.com/brand/878-alphanova,https://pnecdn2-2074b.kxcdn.com/img/m/878-small_default.jpg
ALPHASCIENCE,https://www.paranewera.com/brand/659-alphascience,https://pnecdn2-2074b.kxcdn.com/img/m/659-small_default.jpg
ALVENA,https://www.paranewera.com/brand/412-alvena,https://pnecdn2-2074b.kxcdn.com/img/m/412-small_default.jpg
ANACA 3,https://www.paranewera.com/brand/629-anaca-3,https://pnecdn1-2074b.kxcdn.com/img/m/629-small_default.jpg
ANIVA PHARMA,https://www.paranewera.com/brand/693-aniva-pharma,https://pnecdn1-2074b.kxcdn.com/img/m/693-small_default.jpg
ANUA,https://www.paranewera.com/brand/832-anua,https://pnecdn1-2074b.kxcdn.com/img/m/832-small_default.jpg
APIVITA,https://www.paranewera.com/brand/504-apivita,https://pnecdn1-2074b.kxcdn.com/img/m/504-small_default.jpg
APOLOGIE,https://www.paranewera.com/brand/704-apologie,https://pnecdn2-2074b.kxcdn.com/img/m/704-small_default.jpg
AQUA MASSAGE,https://www.paranewera.com/brand/509-aqua-massage,https://pnecdn2-2074b.kxcdn.com/img/m/509-small_default.jpg
ARKOPHARMA,https://www.paranewera.com/brand/38-arkopharma,https://pnecdn1-2074b.kxcdn.com/img/m/38-small_default.jpg
ARM & HAMMER,https://www.paranewera.com/brand/561-arm-hammer,https://pnecdn2-2074b.kxcdn.com/img/m/561-small_default.jpg
ASSANIS,https://www.paranewera.com/brand/41-assanis,https://pnecdn1-2074b.kxcdn.com/img/m/41-small_default.jpg
AURACOS,https://www.paranewera.com/brand/418-auracos,https://pnecdn2-2074b.kxcdn.com/img/m/418-small_default.jpg
AVENE,https://www.paranewera.com/brand/44-avene,https://pnecdn1-2074b.kxcdn.com/img/m/44-small_default.jpg
AVENT,https://www.paranewera.com/brand/45-avent,https://pnecdn1-2074b.kxcdn.com/img/m/45-small_default.jpg
AXIS-Y,https://www.paranewera.com/brand/807-axis-y,https://pnecdn1-2074b.kxcdn.com/img/m/807-small_default.jpg
B.BOX,https://www.paranewera.com/brand/891-bbox,https://pnecdn2-2074b.kxcdn.com/img/m/891-small_default.jpg
BABAMAMA,https://www.paranewera.com/brand/933-babamama,https://pnecdn1-2074b.kxcdn.com/img/m/933-small_default.jpg
BABÉ,https://www.paranewera.com/brand/542-babe,https://pnecdn1-2074b.kxcdn.com/img/m/542-small_default.jpg
BABY COCCOLE,https://www.paranewera.com/brand/597-baby-coccole,https://pnecdn2-2074b.kxcdn.com/img/m/597-small_default.jpg
BABYBIO,https://www.paranewera.com/brand/581-babybio,https://pnecdn1-2074b.kxcdn.com/img/m/581-small_default.jpg
BABYCHECK,https://www.paranewera.com/brand/888-babycheck,https://pnecdn1-2074b.kxcdn.com/img/m/888-small_default.jpg
BAGMORI,https://www.paranewera.com/brand/907-bagmori,https://pnecdn1-2074b.kxcdn.com/img/m/907-small_default.jpg
BAMBINO,https://www.paranewera.com/brand/914-bambino,https://pnecdn2-2074b.kxcdn.com/img/m/914-small_default.jpg
BAMBO NATURE,https://www.paranewera.com/brand/513-bambo-nature,https://pnecdn2-2074b.kxcdn.com/img/m/513-small_default.jpg
BATISTE,https://www.paranewera.com/brand/50-batiste,https://pnecdn1-2074b.kxcdn.com/img/m/50-small_default.jpg
BC BE CEUTICALS,https://www.paranewera.com/brand/450-bc-be-ceuticals,https://pnecdn2-2074b.kxcdn.com/img/m/450-small_default.jpg
BC-PHARMA,https://www.paranewera.com/brand/577-bc-pharma,https://pnecdn1-2074b.kxcdn.com/img/m/577-small_default.jpg
BEAUTY OF JOSEON,https://www.paranewera.com/brand/809-beauty-of-joseon,https://pnecdn1-2074b.kxcdn.com/img/m/809-small_default.jpg
BEAUTYMED,https://www.paranewera.com/brand/890-beautymed,https://pnecdn2-2074b.kxcdn.com/img/m/890-small_default.jpg
BEBE CONFORT,https://www.paranewera.com/brand/51-bebe-confort,https://pnecdn1-2074b.kxcdn.com/img/m/51-small_default.jpg
BEBE M,https://www.paranewera.com/brand/637-bebe-m,https://pnecdn1-2074b.kxcdn.com/img/m/637-small_default.jpg
BELIFLOR,https://www.paranewera.com/brand/52-beliflor,https://pnecdn2-2074b.kxcdn.com/img/m/52-small_default.jpg
BELLA AURORA,https://www.paranewera.com/brand/546-bella-aurora,https://pnecdn1-2074b.kxcdn.com/img/m/546-small_default.jpg
Bercama,https://www.paranewera.com/brand/394-bercama,https://pnecdn1-2074b.kxcdn.com/img/m/394-small_default.jpg
BETER,https://www.paranewera.com/brand/461-beter,https://pnecdn2-2074b.kxcdn.com/img/m/461-small_default.jpg
BEURER,https://www.paranewera.com/brand/55-beurer,https://pnecdn1-2074b.kxcdn.com/img/m/55-small_default.jpg
Bexident,https://www.paranewera.com/brand/618-bexident,https://pnecdn1-2074b.kxcdn.com/img/m/618-small_default.jpg
BIAFINE,https://www.paranewera.com/brand/56-biafine,https://pnecdn2-2074b.kxcdn.com/img/m/56-small_default.jpg
BIARRITZ,https://www.paranewera.com/brand/569-biarritz,https://pnecdn1-2074b.kxcdn.com/img/m/569-small_default.jpg
BIO ATLANTIC,https://www.paranewera.com/brand/921-bio-atlantic,https://pnecdn2-2074b.kxcdn.com/img/m/921-small_default.jpg
BIO CONSEILS,https://www.paranewera.com/brand/503-bio-conseils,https://pnecdn2-2074b.kxcdn.com/img/m/503-small_default.jpg
BIO SEASONS,https://www.paranewera.com/brand/61-bio-seasons,https://pnecdn1-2074b.kxcdn.com/img/m/61-small_default.jpg
BIO VITAM,https://www.paranewera.com/brand/544-bio-vitam,https://pnecdn2-2074b.kxcdn.com/img/m/544-small_default.jpg
BIO-OIL,https://www.paranewera.com/brand/446-bio-oil,https://pnecdn1-2074b.kxcdn.com/img/m/446-small_default.jpg
BIO-RECHERCHE,https://www.paranewera.com/brand/897-bio-recherche,https://pnecdn1-2074b.kxcdn.com/img/m/897-small_default.jpg
BIO-RECHERCHE LABORATOIRE PARIS,https://www.paranewera.com/brand/895-bio-recherche-laboratoire-paris,https://pnecdn2-2074b.kxcdn.com/img/m/895-small_default.jpg
BIO-TACHES,https://www.paranewera.com/brand/63-bio-taches,https://pnecdn2-2074b.kxcdn.com/img/m/63-small_default.jpg
BIO12 natural hair,https://www.paranewera.com/brand/384-bio12-natural-hair,https://pnecdn1-2074b.kxcdn.com/img/m/384-small_default.jpg
BIOCLIN,https://www.paranewera.com/brand/65-bioclin,https://pnecdn1-2074b.kxcdn.com/img/m/65-small_default.jpg
BIOCOL,https://www.paranewera.com/brand/66-biocol,https://pnecdn2-2074b.kxcdn.com/img/m/66-small_default.jpg
BIODERMA,https://www.paranewera.com/brand/68-bioderma,https://pnecdn2-2074b.kxcdn.com/img/m/68-small_default.jpg
BIODERMA ABCDERM,https://www.paranewera.com/brand/423-bioderma-abcderm,https://pnecdn2-2074b.kxcdn.com/img/m/423-small_default.jpg
BIODYSSEE,https://www.paranewera.com/brand/536-biodyssee,https://pnecdn2-2074b.kxcdn.com/img/m/536-small_default.jpg
BIOFAR,https://www.paranewera.com/brand/69-biofar,https://pnecdn2-2074b.kxcdn.com/img/m/69-small_default.jpg
BIOKAP,https://www.paranewera.com/brand/70-biokap,https://pnecdn1-2074b.kxcdn.com/img/m/70-small_default.jpg
BIOKARITE,https://www.paranewera.com/brand/562-biokarite,https://pnecdn1-2074b.kxcdn.com/img/m/562-small_default.jpg
BIOKERA,https://www.paranewera.com/brand/71-biokera,https://pnecdn1-2074b.kxcdn.com/img/m/71-small_default.jpg
BIOLANE,https://www.paranewera.com/brand/931-biolane,https://pnecdn2-2074b.kxcdn.com/img/m/931-small_default.jpg
BIOMED,https://www.paranewera.com/brand/671-biomed,https://pnecdn1-2074b.kxcdn.com/img/m/671-small_default.jpg
BIONIKE,https://www.paranewera.com/brand/821-bionike,https://pnecdn2-2074b.kxcdn.com/img/m/821-small_default.jpg
BIONIME,https://www.paranewera.com/brand/452-bionime,https://pnecdn1-2074b.kxcdn.com/img/m/452-small_default.jpg
BIOREGENA,https://www.paranewera.com/brand/783-bioregena,https://pnecdn1-2074b.kxcdn.com/img/m/783-small_default.jpg
BIORGA,https://www.paranewera.com/brand/76-biorga,https://pnecdn2-2074b.kxcdn.com/img/m/76-small_default.jpg
BIOSCREEN,https://www.paranewera.com/brand/77-bioscreen,https://pnecdn2-2074b.kxcdn.com/img/m/77-small_default.jpg
BIOSECURE,https://www.paranewera.com/brand/485-biosecure,https://pnecdn1-2074b.kxcdn.com/img/m/485-small_default.jpg
BIOSIL,https://www.paranewera.com/brand/820-biosil,https://pnecdn2-2074b.kxcdn.com/img/m/820-small_default.jpg
BIOSOLIS,https://www.paranewera.com/brand/564-biosolis,https://pnecdn2-2074b.kxcdn.com/img/m/564-small_default.jpg
BIOSTOP,https://www.paranewera.com/brand/78-biostop,https://pnecdn2-2074b.kxcdn.com/img/m/78-small_default.jpg
BIOTAP,https://www.paranewera.com/brand/460-biotap,https://pnecdn2-2074b.kxcdn.com/img/m/460-small_default.jpg
BIOTHERM,https://www.paranewera.com/brand/794-biotherm,https://pnecdn2-2074b.kxcdn.com/img/m/794-small_default.jpg
BIOTONA,https://www.paranewera.com/brand/523-biotona,https://pnecdn2-2074b.kxcdn.com/img/m/523-small_default.jpg
BIOTOPIX,https://www.paranewera.com/brand/79-biotopix,https://pnecdn2-2074b.kxcdn.com/img/m/79-small_default.jpg
BIRETIX,https://www.paranewera.com/brand/80-biretix,https://pnecdn2-2074b.kxcdn.com/img/m/80-small_default.jpg
BJÖRN AXEN,https://www.paranewera.com/brand/662-bjorn-axen,https://pnecdn2-2074b.kxcdn.com/img/m/662-small_default.jpg
BOTOT,https://www.paranewera.com/brand/404-botot,https://pnecdn1-2074b.kxcdn.com/img/m/404-small_default.jpg
BUCCOTHERM,https://www.paranewera.com/brand/543-buccotherm,https://pnecdn1-2074b.kxcdn.com/img/m/543-small_default.jpg
C-LAB,https://www.paranewera.com/brand/874-c-lab,https://pnecdn1-2074b.kxcdn.com/img/m/874-small_default.jpg
CADITAR,https://www.paranewera.com/brand/506-caditar,https://pnecdn2-2074b.kxcdn.com/img/m/506-small_default.jpg
CAMALEON,https://www.paranewera.com/brand/701-camaleon,https://pnecdn2-2074b.kxcdn.com/img/m/701-small_default.jpg
CAMOMILLA BLU,https://www.paranewera.com/brand/84-camomilla-blu,https://pnecdn2-2074b.kxcdn.com/img/m/84-small_default.jpg
CANNAFLEX,https://www.paranewera.com/brand/845-cannaflex,https://pnecdn1-2074b.kxcdn.com/img/m/845-small_default.jpg
CANTABRIA LABS,https://www.paranewera.com/brand/454-cantabria-labs,https://pnecdn2-2074b.kxcdn.com/img/m/454-small_default.jpg
CAPI-LIFT,https://www.paranewera.com/brand/670-capi-lift,https://pnecdn1-2074b.kxcdn.com/img/m/670-small_default.jpg
CAPIDERMA,https://www.paranewera.com/brand/86-capiderma,https://pnecdn1-2074b.kxcdn.com/img/m/86-small_default.jpg
CARMEX,https://www.paranewera.com/brand/850-carmex,https://pnecdn1-2074b.kxcdn.com/img/m/850-small_default.jpg
CASMARA,https://www.paranewera.com/brand/695-casmara,https://pnecdn2-2074b.kxcdn.com/img/m/695-small_default.jpg
CASTALIA,https://www.paranewera.com/brand/590-castalia,https://pnecdn1-2074b.kxcdn.com/img/m/590-small_default.jpg
CASTERA,https://www.paranewera.com/brand/609-castera,https://pnecdn1-2074b.kxcdn.com/img/m/609-small_default.jpg
CATTIER,https://www.paranewera.com/brand/490-cattier,https://pnecdn1-2074b.kxcdn.com/img/m/490-small_default.jpg
CAUDALIE,https://www.paranewera.com/brand/521-caudalie,https://pnecdn1-2074b.kxcdn.com/img/m/521-small_default.jpg
CAYRO,https://www.paranewera.com/brand/922-cayro,https://pnecdn1-2074b.kxcdn.com/img/m/922-small_default.jpg
CEBELIA,https://www.paranewera.com/brand/90-cebelia,https://pnecdn2-2074b.kxcdn.com/img/m/90-small_default.jpg
CELLUBLUE,https://www.paranewera.com/brand/644-cellublue,https://pnecdn1-2074b.kxcdn.com/img/m/644-small_default.jpg
CENTAUREA,https://www.paranewera.com/brand/573-centaurea,https://pnecdn1-2074b.kxcdn.com/img/m/573-small_default.jpg
CENTELLA,https://www.paranewera.com/brand/927-centella,https://pnecdn1-2074b.kxcdn.com/img/m/927-small_default.jpg
CENTIFOLIA,https://www.paranewera.com/brand/588-centifolia,https://pnecdn2-2074b.kxcdn.com/img/m/588-small_default.jpg
CERAVE,https://www.paranewera.com/brand/405-cerave,https://pnecdn1-2074b.kxcdn.com/img/m/405-small_default.jpg
CETAPHIL,https://www.paranewera.com/brand/91-cetaphil,https://pnecdn2-2074b.kxcdn.com/img/m/91-small_default.jpg
CEYO,https://www.paranewera.com/brand/438-ceyo,https://pnecdn2-2074b.kxcdn.com/img/m/438-small_default.jpg
CHATEAU ROUGE,https://www.paranewera.com/brand/448-chateau-rouge,https://pnecdn1-2074b.kxcdn.com/img/m/448-small_default.jpg
CHOLLEY,https://www.paranewera.com/brand/611-cholley,https://pnecdn2-2074b.kxcdn.com/img/m/611-small_default.jpg
CICAMANUKA,https://www.paranewera.com/brand/912-cicamanuka,https://pnecdn1-2074b.kxcdn.com/img/m/912-small_default.jpg
CIMEOSIL,https://www.paranewera.com/brand/612-cimeosil,https://pnecdn1-2074b.kxcdn.com/img/m/612-small_default.jpg
CITRON,https://www.paranewera.com/brand/823-citron,https://pnecdn2-2074b.kxcdn.com/img/m/fr-default-small_default.jpg
CITRON,https://www.paranewera.com/brand/824-citron,https://pnecdn2-2074b.kxcdn.com/img/m/824-small_default.jpg
CLARINE,https://www.paranewera.com/brand/619-clarine,https://pnecdn1-2074b.kxcdn.com/img/m/619-small_default.jpg
CLARINS,https://www.paranewera.com/brand/829-clarins,https://pnecdn1-2074b.kxcdn.com/img/m/829-small_default.jpg
CLB COSMETICS,https://www.paranewera.com/brand/920-clb-cosmetics,https://pnecdn2-2074b.kxcdn.com/img/m/920-small_default.jpg
CLEANIC,https://www.paranewera.com/brand/442-cleanic,https://pnecdn1-2074b.kxcdn.com/img/m/442-small_default.jpg
CLEARSPRING ORGANIC,https://www.paranewera.com/brand/886-clearspring-organic,https://pnecdn1-2074b.kxcdn.com/img/m/886-small_default.jpg
CLINICEUTICA,https://www.paranewera.com/brand/545-cliniceutica,https://pnecdn2-2074b.kxcdn.com/img/m/545-small_default.jpg
CLINIQUE,https://www.paranewera.com/brand/664-clinique,https://pnecdn1-2074b.kxcdn.com/img/m/664-small_default.jpg
CODEXIAL,https://www.paranewera.com/brand/93-codexial,https://pnecdn1-2074b.kxcdn.com/img/m/93-small_default.jpg
COLLAGENINA,https://www.paranewera.com/brand/884-collagenina,https://pnecdn2-2074b.kxcdn.com/img/m/884-small_default.jpg
COLOR & SOIN,https://www.paranewera.com/brand/24-color-soin,https://pnecdn2-2074b.kxcdn.com/img/m/24-small_default.jpg
COMFORT SHOES,https://www.paranewera.com/brand/441-comfort-shoes,https://pnecdn2-2074b.kxcdn.com/img/m/441-small_default.jpg
COMPTOIRS & COMPAGNIES,https://www.paranewera.com/brand/578-comptoirs-compagnies,https://pnecdn1-2074b.kxcdn.com/img/m/578-small_default.jpg
COSMETIX DERMATOLOGIE,https://www.paranewera.com/brand/803-cosmetix-dermatologie,https://pnecdn1-2074b.kxcdn.com/img/m/803-small_default.jpg
COSRX,https://www.paranewera.com/brand/928-cosrx,https://pnecdn1-2074b.kxcdn.com/img/m/928-small_default.jpg
CÔTEAUX NANTAIS,https://www.paranewera.com/brand/535-coteaux-nantais,https://pnecdn1-2074b.kxcdn.com/img/m/535-small_default.jpg
COTTON PLUS,https://www.paranewera.com/brand/476-cotton-plus,https://pnecdn1-2074b.kxcdn.com/img/m/476-small_default.jpg
COVERMARK,https://www.paranewera.com/brand/595-covermark,https://pnecdn1-2074b.kxcdn.com/img/m/595-small_default.jpg
CRESCINA,https://www.paranewera.com/brand/687-crescina,https://pnecdn1-2074b.kxcdn.com/img/m/687-small_default.jpg
CUCCIO NATURALÉ,https://www.paranewera.com/brand/589-cuccio-naturale,https://pnecdn2-2074b.kxcdn.com/img/m/589-small_default.jpg
cumlaude,https://www.paranewera.com/brand/608-cumlaude,https://pnecdn1-2074b.kxcdn.com/img/m/608-small_default.jpg
CURAPROX,https://www.paranewera.com/brand/99-curaprox,https://pnecdn1-2074b.kxcdn.com/img/m/99-small_default.jpg
CURASEPT,https://www.paranewera.com/brand/532-curasept,https://pnecdn2-2074b.kxcdn.com/img/m/532-small_default.jpg
CURASKIN,https://www.paranewera.com/brand/690-curaskin,https://pnecdn2-2074b.kxcdn.com/img/m/690-small_default.jpg
CYGNE PARIS,https://www.paranewera.com/brand/812-cygne-paris,https://pnecdn1-2074b.kxcdn.com/img/m/812-small_default.jpg
D-BIOTIC,https://www.paranewera.com/brand/705-d-biotic,https://pnecdn2-2074b.kxcdn.com/img/m/705-small_default.jpg
D-CAP,https://www.paranewera.com/brand/900-d-cap,https://pnecdn2-2074b.kxcdn.com/img/m/900-small_default.jpg
DAMHERT,https://www.paranewera.com/brand/622-damhert,https://pnecdn1-2074b.kxcdn.com/img/m/622-small_default.jpg
DARPHIN,https://www.paranewera.com/brand/632-darphin,https://pnecdn1-2074b.kxcdn.com/img/m/632-small_default.jpg
DAYLONG,https://www.paranewera.com/brand/102-daylong,https://pnecdn1-2074b.kxcdn.com/img/m/102-small_default.jpg
DCP DERMATOLOGIC,https://www.paranewera.com/brand/459-dcp-dermatologic,https://pnecdn1-2074b.kxcdn.com/img/m/459-small_default.jpg
DENTI SMILE,https://www.paranewera.com/brand/475-denti-smile,https://pnecdn2-2074b.kxcdn.com/img/m/475-small_default.jpg
DentYucral,https://www.paranewera.com/brand/707-dentyucral,https://pnecdn1-2074b.kxcdn.com/img/m/707-small_default.jpg
DERAMED FOOTCARE,https://www.paranewera.com/brand/458-deramed-footcare,https://pnecdn1-2074b.kxcdn.com/img/m/458-small_default.jpg
DERCOS,https://www.paranewera.com/brand/792-dercos,https://pnecdn1-2074b.kxcdn.com/img/m/792-small_default.jpg
DERMA,https://www.paranewera.com/brand/667-derma,https://pnecdn2-2074b.kxcdn.com/img/m/667-small_default.jpg
DERMACARE,https://www.paranewera.com/brand/107-dermacare,https://pnecdn1-2074b.kxcdn.com/img/m/107-small_default.jpg
DERMACEUTIC,https://www.paranewera.com/brand/108-dermaceutic,https://pnecdn1-2074b.kxcdn.com/img/m/108-small_default.jpg
DERMACIA,https://www.paranewera.com/brand/109-dermacia,https://pnecdn1-2074b.kxcdn.com/img/m/109-small_default.jpg
DERMAGOR,https://www.paranewera.com/brand/110-dermagor,https://pnecdn2-2074b.kxcdn.com/img/m/110-small_default.jpg
DERMALIFT,https://www.paranewera.com/brand/879-dermalift,https://pnecdn2-2074b.kxcdn.com/img/m/879-small_default.jpg
DERMALIUM,https://www.paranewera.com/brand/526-dermalium,https://pnecdn2-2074b.kxcdn.com/img/m/526-small_default.jpg
DERMALLIANCE LABORATOIRES,https://www.paranewera.com/brand/896-dermalliance-laboratoires,https://pnecdn1-2074b.kxcdn.com/img/m/896-small_default.jpg
DERMEDEN LABORATOIRES,https://www.paranewera.com/brand/106-dermeden-laboratoires,https://pnecdn1-2074b.kxcdn.com/img/m/106-small_default.jpg
DERMEDIC,https://www.paranewera.com/brand/625-dermedic,https://pnecdn2-2074b.kxcdn.com/img/m/625-small_default.jpg
DERMICAL,https://www.paranewera.com/brand/555-dermical,https://pnecdn2-2074b.kxcdn.com/img/m/555-small_default.jpg
DERMINA paris,https://www.paranewera.com/brand/510-dermina-paris,https://pnecdn1-2074b.kxcdn.com/img/m/510-small_default.jpg
DERMO SOINS,https://www.paranewera.com/brand/111-dermo-soins,https://pnecdn2-2074b.kxcdn.com/img/m/111-small_default.jpg
DERMOPHIL,https://www.paranewera.com/brand/112-dermophil,https://pnecdn1-2074b.kxcdn.com/img/m/112-small_default.jpg
DEVA,https://www.paranewera.com/brand/635-deva,https://pnecdn2-2074b.kxcdn.com/img/m/635-small_default.jpg
DF,https://www.paranewera.com/brand/114-df,https://pnecdn2-2074b.kxcdn.com/img/m/114-small_default.jpg
DIAB-CONTROL,https://www.paranewera.com/brand/482-diab-control,https://pnecdn2-2074b.kxcdn.com/img/m/482-small_default.jpg
DIETAROMA,https://www.paranewera.com/brand/470-dietaroma,https://pnecdn2-2074b.kxcdn.com/img/m/470-small_default.jpg
DIFAS,https://www.paranewera.com/brand/936-difas,https://pnecdn1-2074b.kxcdn.com/img/m/936-small_default.jpg
DODIE,https://www.paranewera.com/brand/117-dodie,https://pnecdn1-2074b.kxcdn.com/img/m/117-small_default.jpg
DOMINANCE,https://www.paranewera.com/brand/427-dominance,https://pnecdn2-2074b.kxcdn.com/img/m/427-small_default.jpg
DOPPEL HERZ,https://www.paranewera.com/brand/567-doppel-herz,https://pnecdn1-2074b.kxcdn.com/img/m/567-small_default.jpg
DOUCE NATURE,https://www.paranewera.com/brand/474-douce-nature,https://pnecdn2-2074b.kxcdn.com/img/m/474-small_default.jpg
DR ORGANIC,https://www.paranewera.com/brand/380-dr-organic,https://pnecdn1-2074b.kxcdn.com/img/m/380-small_default.jpg
DRAGON SUPERFOODS,https://www.paranewera.com/brand/586-dragon-superfoods,https://pnecdn2-2074b.kxcdn.com/img/m/586-small_default.jpg
DUCRAY,https://www.paranewera.com/brand/120-ducray,https://pnecdn2-2074b.kxcdn.com/img/m/120-small_default.jpg
DWHITE,https://www.paranewera.com/brand/626-dwhite,https://pnecdn1-2074b.kxcdn.com/img/m/626-small_default.jpg
ECLIN,https://www.paranewera.com/brand/638-eclin,https://pnecdn1-2074b.kxcdn.com/img/m/638-small_default.jpg
ECODOO,https://www.paranewera.com/brand/651-ecodoo,https://pnecdn1-2074b.kxcdn.com/img/m/651-small_default.jpg
ECOLUNES,https://www.paranewera.com/brand/614-ecolunes,https://pnecdn2-2074b.kxcdn.com/img/m/614-small_default.jpg
ECOMIL,https://www.paranewera.com/brand/501-ecomil,https://pnecdn1-2074b.kxcdn.com/img/m/501-small_default.jpg
ECOPHANE BIOGRA,https://www.paranewera.com/brand/495-ecophane-biogra,https://pnecdn1-2074b.kxcdn.com/img/m/495-small_default.jpg
ECOTOOLS,https://www.paranewera.com/brand/815-ecotools,https://pnecdn2-2074b.kxcdn.com/img/m/815-small_default.jpg
ECRINAL,https://www.paranewera.com/brand/123-ecrinal,https://pnecdn1-2074b.kxcdn.com/img/m/123-small_default.jpg
EFFINOV,https://www.paranewera.com/brand/830-effinov,https://pnecdn2-2074b.kxcdn.com/img/m/830-small_default.jpg
EGOSAN,https://www.paranewera.com/brand/601-egosan,https://pnecdn2-2074b.kxcdn.com/img/m/601-small_default.jpg
EGYPTIAN MAGIC,https://www.paranewera.com/brand/645-egyptian-magic,https://pnecdn1-2074b.kxcdn.com/img/m/645-small_default.jpg
ELANCYL,https://www.paranewera.com/brand/641-elancyl,https://pnecdn1-2074b.kxcdn.com/img/m/641-small_default.jpg
ELCEA,https://www.paranewera.com/brand/556-elcea,https://pnecdn1-2074b.kxcdn.com/img/m/556-small_default.jpg
ELGYDIUM,https://www.paranewera.com/brand/126-elgydium,https://pnecdn1-2074b.kxcdn.com/img/m/126-small_default.jpg
ELLDERM,https://www.paranewera.com/brand/843-ellderm,https://pnecdn2-2074b.kxcdn.com/img/m/843-small_default.jpg
ELMEX,https://www.paranewera.com/brand/649-elmex,https://pnecdn2-2074b.kxcdn.com/img/m/649-small_default.jpg
EMBRYOLISSE,https://www.paranewera.com/brand/901-embryolisse,https://pnecdn2-2074b.kxcdn.com/img/m/901-small_default.jpg
EMILE NOEL,https://www.paranewera.com/brand/499-emile-noel,https://pnecdn2-2074b.kxcdn.com/img/m/499-small_default.jpg
ENDOCARE,https://www.paranewera.com/brand/127-endocare,https://pnecdn1-2074b.kxcdn.com/img/m/127-small_default.jpg
ENEOMEY,https://www.paranewera.com/brand/478-eneomey,https://pnecdn1-2074b.kxcdn.com/img/m/478-small_default.jpg
ENOCARE,https://www.paranewera.com/brand/686-enocare,https://pnecdn1-2074b.kxcdn.com/img/m/686-small_default.jpg
ENOTIME,https://www.paranewera.com/brand/592-enotime,https://pnecdn2-2074b.kxcdn.com/img/m/592-small_default.jpg
EPTADERM,https://www.paranewera.com/brand/128-eptaderm,https://pnecdn1-2074b.kxcdn.com/img/m/128-small_default.jpg
ERAYBA,https://www.paranewera.com/brand/604-erayba,https://pnecdn2-2074b.kxcdn.com/img/m/604-small_default.jpg
ERBORIAN,https://www.paranewera.com/brand/818-erborian,https://pnecdn1-2074b.kxcdn.com/img/m/818-small_default.jpg
ERIC FAVRE,https://www.paranewera.com/brand/471-eric-favre,https://pnecdn2-2074b.kxcdn.com/img/m/471-small_default.jpg
ESTHEDERM paris,https://www.paranewera.com/brand/387-esthederm-paris,https://pnecdn2-2074b.kxcdn.com/img/m/387-small_default.jpg
ETIAXIL,https://www.paranewera.com/brand/706-etiaxil,https://pnecdn1-2074b.kxcdn.com/img/m/706-small_default.jpg
EUCERIN,https://www.paranewera.com/brand/131-eucerin,https://pnecdn2-2074b.kxcdn.com/img/m/131-small_default.jpg
EUPHANE,https://www.paranewera.com/brand/697-euphane,https://pnecdn1-2074b.kxcdn.com/img/m/697-small_default.jpg
EUREKAKIDS,https://www.paranewera.com/brand/800-eurekakids,https://pnecdn2-2074b.kxcdn.com/img/m/800-small_default.jpg
EVAWIN PHARMA,https://www.paranewera.com/brand/559-evawin-pharma,https://pnecdn1-2074b.kxcdn.com/img/m/559-small_default.jpg
EVERNAT,https://www.paranewera.com/brand/134-evernat,https://pnecdn2-2074b.kxcdn.com/img/m/134-small_default.jpg
EVOLUDERM,https://www.paranewera.com/brand/880-evoluderm,https://pnecdn2-2074b.kxcdn.com/img/m/880-small_default.jpg
EVOLUDERM,https://www.paranewera.com/brand/881-evoluderm,https://pnecdn2-2074b.kxcdn.com/img/m/881-small_default.jpg
EXCIPIAL,https://www.paranewera.com/brand/406-excipial,https://pnecdn2-2074b.kxcdn.com/img/m/406-small_default.jpg
Farlin,https://www.paranewera.com/brand/396-farlin,https://pnecdn2-2074b.kxcdn.com/img/m/396-small_default.jpg
FARMSTAY,https://www.paranewera.com/brand/923-farmstay,https://pnecdn1-2074b.kxcdn.com/img/m/923-small_default.jpg
FEMFRESH,https://www.paranewera.com/brand/563-femfresh,https://pnecdn1-2074b.kxcdn.com/img/m/563-small_default.jpg
FENIOUX,https://www.paranewera.com/brand/143-fenioux,https://pnecdn2-2074b.kxcdn.com/img/m/143-small_default.jpg
FIDERMA,https://www.paranewera.com/brand/144-fiderma,https://pnecdn1-2074b.kxcdn.com/img/m/144-small_default.jpg
FILLERINA,https://www.paranewera.com/brand/653-fillerina,https://pnecdn2-2074b.kxcdn.com/img/m/653-small_default.jpg
FILORGA,https://www.paranewera.com/brand/145-filorga,https://pnecdn1-2074b.kxcdn.com/img/m/145-small_default.jpg
FLEURANCE NATURE,https://www.paranewera.com/brand/540-fleurance-nature,https://pnecdn2-2074b.kxcdn.com/img/m/540-small_default.jpg
FLORAME,https://www.paranewera.com/brand/817-florame,https://pnecdn1-2074b.kxcdn.com/img/m/817-small_default.jpg
FLOXIA,https://www.paranewera.com/brand/148-floxia,https://pnecdn2-2074b.kxcdn.com/img/m/148-small_default.jpg
Footflex,https://www.paranewera.com/brand/402-footflex,https://pnecdn2-2074b.kxcdn.com/img/m/402-small_default.jpg
FOREO,https://www.paranewera.com/brand/541-foreo,https://pnecdn2-2074b.kxcdn.com/img/m/541-small_default.jpg
FORMES ET FLAMMES,https://www.paranewera.com/brand/152-formes-et-flammes,https://pnecdn2-2074b.kxcdn.com/img/m/152-small_default.jpg
FORTE PHARMA,https://www.paranewera.com/brand/153-forte-pharma,https://pnecdn2-2074b.kxcdn.com/img/m/153-small_default.jpg
FORTIPHANE,https://www.paranewera.com/brand/894-fortiphane,https://pnecdn2-2074b.kxcdn.com/img/m/894-small_default.jpg
FRIENDLY,https://www.paranewera.com/brand/477-friendly,https://pnecdn1-2074b.kxcdn.com/img/m/477-small_default.jpg
GALBY DERMATOLOGIE,https://www.paranewera.com/brand/623-galby-dermatologie,https://pnecdn1-2074b.kxcdn.com/img/m/623-small_default.jpg
GAMARDE,https://www.paranewera.com/brand/698-gamarde,https://pnecdn1-2074b.kxcdn.com/img/m/698-small_default.jpg
GAYELORD HAUSER,https://www.paranewera.com/brand/156-gayelord-hauser,https://pnecdn2-2074b.kxcdn.com/img/m/156-small_default.jpg
GELENKE' ORTHOPEDIC,https://www.paranewera.com/brand/444-gelenke-orthopedic,https://pnecdn2-2074b.kxcdn.com/img/m/444-small_default.jpg
GIBAUD,https://www.paranewera.com/brand/530-gibaud,https://pnecdn1-2074b.kxcdn.com/img/m/530-small_default.jpg
GIFRER,https://www.paranewera.com/brand/422-gifrer,https://pnecdn2-2074b.kxcdn.com/img/m/422-small_default.jpg
GILBERT,https://www.paranewera.com/brand/160-gilbert,https://pnecdn1-2074b.kxcdn.com/img/m/160-small_default.jpg
GLEAMY,https://www.paranewera.com/brand/781-gleamy,https://pnecdn2-2074b.kxcdn.com/img/m/781-small_default.jpg
GLISODIN,https://www.paranewera.com/brand/788-glisodin,https://pnecdn1-2074b.kxcdn.com/img/m/788-small_default.jpg
GPH DIFFUSION,https://www.paranewera.com/brand/464-gph-diffusion,https://pnecdn2-2074b.kxcdn.com/img/m/464-small_default.jpg
GRANIONS,https://www.paranewera.com/brand/844-granions,https://pnecdn1-2074b.kxcdn.com/img/m/844-small_default.jpg
GREEN BOTANIC PARFUM,https://www.paranewera.com/brand/551-green-botanic-parfum,https://pnecdn2-2074b.kxcdn.com/img/m/551-small_default.jpg
GREEN MOOD BEBE,https://www.paranewera.com/brand/885-green-mood-bebe,https://pnecdn2-2074b.kxcdn.com/img/m/885-small_default.jpg
GREEN TRIBU,https://www.paranewera.com/brand/572-green-tribu,https://pnecdn1-2074b.kxcdn.com/img/m/572-small_default.jpg
GUM,https://www.paranewera.com/brand/164-gum,https://pnecdn1-2074b.kxcdn.com/img/m/164-small_default.jpg
H&S LINE,https://www.paranewera.com/brand/640-hs-line,https://pnecdn1-2074b.kxcdn.com/img/m/640-small_default.jpg
H2O Cambogia Labs,https://www.paranewera.com/brand/826-h2o-cambogia-labs,https://pnecdn1-2074b.kxcdn.com/img/m/826-small_default.jpg
HADA LABO TOKYO,https://www.paranewera.com/brand/908-hada-labo-tokyo,https://pnecdn1-2074b.kxcdn.com/img/m/908-small_default.jpg
HAIRSTIM,https://www.paranewera.com/brand/565-hairstim,https://pnecdn2-2074b.kxcdn.com/img/m/565-small_default.jpg
HALITA,https://www.paranewera.com/brand/552-halita,https://pnecdn1-2074b.kxcdn.com/img/m/552-small_default.jpg
HARTMANN,https://www.paranewera.com/brand/511-hartmann,https://pnecdn1-2074b.kxcdn.com/img/m/511-small_default.jpg
HCP,https://www.paranewera.com/brand/700-hcp,https://pnecdn2-2074b.kxcdn.com/img/m/700-small_default.jpg
HEADU,https://www.paranewera.com/brand/836-headu,https://pnecdn1-2074b.kxcdn.com/img/m/836-small_default.jpg
HEGOR,https://www.paranewera.com/brand/167-hegor,https://pnecdn2-2074b.kxcdn.com/img/m/167-small_default.jpg
HEI POA,https://www.paranewera.com/brand/168-hei-poa,https://pnecdn2-2074b.kxcdn.com/img/m/168-small_default.jpg
HELIABRINE,https://www.paranewera.com/brand/169-heliabrine,https://pnecdn2-2074b.kxcdn.com/img/m/169-small_default.jpg
HELIOCARE,https://www.paranewera.com/brand/170-heliocare,https://pnecdn1-2074b.kxcdn.com/img/m/170-small_default.jpg
HELLO NATURE,https://www.paranewera.com/brand/648-hello-nature,https://pnecdn2-2074b.kxcdn.com/img/m/648-small_default.jpg
HERBACIN,https://www.paranewera.com/brand/430-herbacin,https://pnecdn1-2074b.kxcdn.com/img/m/430-small_default.jpg
HERBATINT,https://www.paranewera.com/brand/585-herbatint,https://pnecdn1-2074b.kxcdn.com/img/m/585-small_default.jpg
HERBES ET TRADITIONS,https://www.paranewera.com/brand/696-herbes-et-traditions,https://pnecdn1-2074b.kxcdn.com/img/m/696-small_default.jpg
HERO MIGHTY,https://www.paranewera.com/brand/909-hero-mighty,https://pnecdn1-2074b.kxcdn.com/img/m/909-small_default.jpg
HEROME,https://www.paranewera.com/brand/172-herome,https://pnecdn2-2074b.kxcdn.com/img/m/172-small_default.jpg
HORMETA,https://www.paranewera.com/brand/411-hormeta,https://pnecdn1-2074b.kxcdn.com/img/m/411-small_default.jpg
HT CEUTIC,https://www.paranewera.com/brand/613-ht-ceutic,https://pnecdn1-2074b.kxcdn.com/img/m/613-small_default.jpg
HUG YOUR LIFE,https://www.paranewera.com/brand/528-hug-your-life,https://pnecdn2-2074b.kxcdn.com/img/m/528-small_default.jpg
HUILARÔME,https://www.paranewera.com/brand/580-huilarome,https://pnecdn1-2074b.kxcdn.com/img/m/580-small_default.jpg
HYDRA PHYT'S,https://www.paranewera.com/brand/439-hydra-phyt-s,https://pnecdn2-2074b.kxcdn.com/img/m/439-small_default.jpg
HYFAC,https://www.paranewera.com/brand/173-hyfac,https://pnecdn2-2074b.kxcdn.com/img/m/173-small_default.jpg
IALUSET,https://www.paranewera.com/brand/575-ialuset,https://pnecdn2-2074b.kxcdn.com/img/m/575-small_default.jpg
IAP PHARMA,https://www.paranewera.com/brand/416-iap-pharma,https://pnecdn2-2074b.kxcdn.com/img/m/416-small_default.jpg
illuminate,https://www.paranewera.com/brand/838-illuminate,https://pnecdn1-2074b.kxcdn.com/img/m/838-small_default.jpg
INNOCURE +,https://www.paranewera.com/brand/518-innocure-,https://pnecdn2-2074b.kxcdn.com/img/m/518-small_default.jpg
INNOVATOUCH,https://www.paranewera.com/brand/437-innovatouch,https://pnecdn2-2074b.kxcdn.com/img/m/437-small_default.jpg
INNOXA,https://www.paranewera.com/brand/677-innoxa,https://pnecdn2-2074b.kxcdn.com/img/m/677-small_default.jpg
INODERM,https://www.paranewera.com/brand/178-inoderm,https://pnecdn2-2074b.kxcdn.com/img/m/178-small_default.jpg
INTERPROX,https://www.paranewera.com/brand/553-interprox,https://pnecdn1-2074b.kxcdn.com/img/m/553-small_default.jpg
INVES BIOFARM,https://www.paranewera.com/brand/527-inves-biofarm,https://pnecdn2-2074b.kxcdn.com/img/m/527-small_default.jpg
IROHA NATURE,https://www.paranewera.com/brand/661-iroha-nature,https://pnecdn1-2074b.kxcdn.com/img/m/661-small_default.jpg
ISDIN,https://www.paranewera.com/brand/179-isdin,https://pnecdn2-2074b.kxcdn.com/img/m/179-small_default.jpg
ISISPHARMA,https://www.paranewera.com/brand/180-isispharma,https://pnecdn2-2074b.kxcdn.com/img/m/180-small_default.jpg
JANSSEN cosmetics,https://www.paranewera.com/brand/382-janssen-cosmetics,https://pnecdn2-2074b.kxcdn.com/img/m/382-small_default.jpg
JARDIN BIO,https://www.paranewera.com/brand/435-jardin-bio,https://pnecdn1-2074b.kxcdn.com/img/m/435-small_default.jpg
JAYJUN,https://www.paranewera.com/brand/594-jayjun,https://pnecdn1-2074b.kxcdn.com/img/m/594-small_default.jpg
Jeanne en provence,https://www.paranewera.com/brand/379-jeanne-en-provence,https://pnecdn1-2074b.kxcdn.com/img/m/379-small_default.jpg
JOLLY MAMA,https://www.paranewera.com/brand/860-jolly-mama,https://pnecdn1-2074b.kxcdn.com/img/m/860-small_default.jpg
JOM,https://www.paranewera.com/brand/873-jom,https://pnecdn2-2074b.kxcdn.com/img/m/873-small_default.jpg
JONZAC eau thermale,https://www.paranewera.com/brand/655-jonzac-eau-thermale,https://pnecdn1-2074b.kxcdn.com/img/m/655-small_default.jpg
JOVIKIDS,https://www.paranewera.com/brand/935-jovikids,https://pnecdn2-2074b.kxcdn.com/img/m/935-small_default.jpg
JOVIKIDS,https://www.paranewera.com/brand/934-jovikids,https://pnecdn2-2074b.kxcdn.com/img/m/934-small_default.jpg
JOWAE paris-séoul,https://www.paranewera.com/brand/388-jowae-paris-seoul,https://pnecdn2-2074b.kxcdn.com/img/m/388-small_default.jpg
JUMBO GOULA,https://www.paranewera.com/brand/834-jumbo-goula,https://pnecdn2-2074b.kxcdn.com/img/m/834-small_default.jpg
KALINE,https://www.paranewera.com/brand/189-kaline,https://pnecdn1-2074b.kxcdn.com/img/m/189-small_default.jpg
KANELLIA,https://www.paranewera.com/brand/191-kanellia,https://pnecdn2-2074b.kxcdn.com/img/m/191-small_default.jpg
KAOKA,https://www.paranewera.com/brand/413-kaoka,https://pnecdn2-2074b.kxcdn.com/img/m/413-small_default.jpg
KELOCOTE,https://www.paranewera.com/brand/507-kelocote,https://pnecdn2-2074b.kxcdn.com/img/m/507-small_default.jpg
KERA'MLA,https://www.paranewera.com/brand/642-kera-mla,https://pnecdn2-2074b.kxcdn.com/img/m/642-small_default.jpg
KERABIO,https://www.paranewera.com/brand/680-kerabio,https://pnecdn2-2074b.kxcdn.com/img/m/fr-default-small_default.jpg
KERAGÈNE,https://www.paranewera.com/brand/192-keragene,https://pnecdn1-2074b.kxcdn.com/img/m/192-small_default.jpg
KERALINE,https://www.paranewera.com/brand/193-keraline,https://pnecdn1-2074b.kxcdn.com/img/m/193-small_default.jpg
KERATINLISS,https://www.paranewera.com/brand/487-keratinliss,https://pnecdn2-2074b.kxcdn.com/img/m/487-small_default.jpg
KIDILO,https://www.paranewera.com/brand/899-kidilo,https://pnecdn1-2074b.kxcdn.com/img/m/899-small_default.jpg
KIN,https://www.paranewera.com/brand/194-kin,https://pnecdn2-2074b.kxcdn.com/img/m/194-small_default.jpg
KINDII PURE,https://www.paranewera.com/brand/443-kindii-pure,https://pnecdn1-2074b.kxcdn.com/img/m/443-small_default.jpg
KLORANE,https://www.paranewera.com/brand/195-klorane,https://pnecdn2-2074b.kxcdn.com/img/m/195-small_default.jpg
KLORANE BEBE,https://www.paranewera.com/brand/196-klorane-bebe,https://pnecdn1-2074b.kxcdn.com/img/m/196-small_default.jpg
KOLAMINE,https://www.paranewera.com/brand/889-kolamine,https://pnecdn1-2074b.kxcdn.com/img/m/889-small_default.jpg
KONFORT,https://www.paranewera.com/brand/512-konfort,https://pnecdn2-2074b.kxcdn.com/img/m/512-small_default.jpg
KUORA,https://www.paranewera.com/brand/702-kuora,https://pnecdn1-2074b.kxcdn.com/img/m/702-small_default.jpg
LA MAISON DU COCO,https://www.paranewera.com/brand/492-la-maison-du-coco,https://pnecdn2-2074b.kxcdn.com/img/m/492-small_default.jpg
LA ROCHE-POSAY,https://www.paranewera.com/brand/201-la-roche-posay,https://pnecdn1-2074b.kxcdn.com/img/m/201-small_default.jpg
LADORME LABORATOIRE,https://www.paranewera.com/brand/849-ladorme-laboratoire,https://pnecdn2-2074b.kxcdn.com/img/m/849-small_default.jpg
LADOZE,https://www.paranewera.com/brand/822-ladoze,https://pnecdn1-2074b.kxcdn.com/img/m/822-small_default.jpg
LADRÔME,https://www.paranewera.com/brand/846-ladrome,https://pnecdn2-2074b.kxcdn.com/img/m/846-small_default.jpg
LAINO,https://www.paranewera.com/brand/203-laino,https://pnecdn2-2074b.kxcdn.com/img/m/203-small_default.jpg
LANAFORM,https://www.paranewera.com/brand/678-lanaform,https://pnecdn2-2074b.kxcdn.com/img/m/678-small_default.jpg
LANCASTER,https://www.paranewera.com/brand/784-lancaster,https://pnecdn2-2074b.kxcdn.com/img/m/784-small_default.jpg
LANCIOR,https://www.paranewera.com/brand/682-lancior,https://pnecdn1-2074b.kxcdn.com/img/m/682-small_default.jpg
LANDRÔME,https://www.paranewera.com/brand/789-landrome,https://pnecdn1-2074b.kxcdn.com/img/m/789-small_default.jpg
LANSINOH,https://www.paranewera.com/brand/494-lansinoh,https://pnecdn1-2074b.kxcdn.com/img/m/494-small_default.jpg
LCA PHARMA +,https://www.paranewera.com/brand/207-lca-pharma-,https://pnecdn2-2074b.kxcdn.com/img/m/207-small_default.jpg
LCP LIFE COSMETIC,https://www.paranewera.com/brand/883-lcp-life-cosmetic,https://pnecdn1-2074b.kxcdn.com/img/m/883-small_default.jpg
LE COMPTOIR DU BAIN,https://www.paranewera.com/brand/209-le-comptoir-du-bain,https://pnecdn2-2074b.kxcdn.com/img/m/209-small_default.jpg
LE MOULIN DU PIVERT,https://www.paranewera.com/brand/872-le-moulin-du-pivert,https://pnecdn2-2074b.kxcdn.com/img/m/872-small_default.jpg
Lebei,https://www.paranewera.com/brand/906-lebei,https://pnecdn1-2074b.kxcdn.com/img/m/906-small_default.jpg
Lendan,https://www.paranewera.com/brand/403-lendan,https://pnecdn2-2074b.kxcdn.com/img/m/403-small_default.jpg
LERO,https://www.paranewera.com/brand/210-lero,https://pnecdn1-2074b.kxcdn.com/img/m/210-small_default.jpg
LES PETITS BAINS EN PROVENCE,https://www.paranewera.com/brand/449-les-petits-bains-en-provence,https://pnecdn1-2074b.kxcdn.com/img/m/449-small_default.jpg
LIERAC,https://www.paranewera.com/brand/211-lierac,https://pnecdn1-2074b.kxcdn.com/img/m/211-small_default.jpg
LILI CARE,https://www.paranewera.com/brand/539-lili-care,https://pnecdn2-2074b.kxcdn.com/img/m/539-small_default.jpg
Littles,https://www.paranewera.com/brand/399-littles,https://pnecdn2-2074b.kxcdn.com/img/m/399-small_default.jpg
LSI,https://www.paranewera.com/brand/213-lsi,https://pnecdn2-2074b.kxcdn.com/img/m/213-small_default.jpg
LUXEOL,https://www.paranewera.com/brand/568-luxeol,https://pnecdn1-2074b.kxcdn.com/img/m/568-small_default.jpg
LYSASKIN,https://www.paranewera.com/brand/214-lysaskin,https://pnecdn1-2074b.kxcdn.com/img/m/214-small_default.jpg
M&D pharmacy,https://www.paranewera.com/brand/457-md-pharmacy,https://pnecdn1-2074b.kxcdn.com/img/m/457-small_default.jpg
MA VIE SANS GLUTEN,https://www.paranewera.com/brand/434-ma-vie-sans-gluten,https://pnecdn1-2074b.kxcdn.com/img/m/434-small_default.jpg
MACADAMIA,https://www.paranewera.com/brand/488-macadamia,https://pnecdn2-2074b.kxcdn.com/img/m/488-small_default.jpg
MAELYS,https://www.paranewera.com/brand/481-maelys,https://pnecdn1-2074b.kxcdn.com/img/m/481-small_default.jpg
MAGICLEAR,https://www.paranewera.com/brand/699-magiclear,https://pnecdn1-2074b.kxcdn.com/img/m/699-small_default.jpg
MAGICS,https://www.paranewera.com/brand/675-magics,https://pnecdn1-2074b.kxcdn.com/img/m/675-small_default.jpg
MAKARI,https://www.paranewera.com/brand/801-makari,https://pnecdn2-2074b.kxcdn.com/img/m/801-small_default.jpg
MAM,https://www.paranewera.com/brand/216-mam,https://pnecdn2-2074b.kxcdn.com/img/m/216-small_default.jpg
MAMMIA,https://www.paranewera.com/brand/918-mammia,https://pnecdn1-2074b.kxcdn.com/img/m/918-small_default.jpg
MANASUL,https://www.paranewera.com/brand/634-manasul,https://pnecdn2-2074b.kxcdn.com/img/m/634-small_default.jpg
MANHAE,https://www.paranewera.com/brand/217-manhae,https://pnecdn2-2074b.kxcdn.com/img/m/217-small_default.jpg
MANHAE,https://www.paranewera.com/brand/910-manhae,https://pnecdn2-2074b.kxcdn.com/img/m/910-small_default.jpg
MANIX,https://www.paranewera.com/brand/218-manix,https://pnecdn2-2074b.kxcdn.com/img/m/218-small_default.jpg
MARRAK,https://www.paranewera.com/brand/628-marrak,https://pnecdn1-2074b.kxcdn.com/img/m/628-small_default.jpg
MARTIDERM,https://www.paranewera.com/brand/598-martiderm,https://pnecdn2-2074b.kxcdn.com/img/m/598-small_default.jpg
MASON NATURAL,https://www.paranewera.com/brand/862-mason-natural,https://pnecdn2-2074b.kxcdn.com/img/m/862-small_default.jpg
MATIS PARIS,https://www.paranewera.com/brand/709-matis-paris,https://pnecdn1-2074b.kxcdn.com/img/m/709-small_default.jpg
MAVALA,https://www.paranewera.com/brand/522-mavala,https://pnecdn2-2074b.kxcdn.com/img/m/522-small_default.jpg
MAVIDERMA,https://www.paranewera.com/brand/676-maviderma,https://pnecdn2-2074b.kxcdn.com/img/m/676-small_default.jpg
MCCOSMETICS NY,https://www.paranewera.com/brand/624-mccosmetics-ny,https://pnecdn2-2074b.kxcdn.com/img/m/624-small_default.jpg
MD CEUTICALS,https://www.paranewera.com/brand/505-md-ceuticals,https://pnecdn1-2074b.kxcdn.com/img/m/505-small_default.jpg
MDC,https://www.paranewera.com/brand/887-mdc,https://pnecdn1-2074b.kxcdn.com/img/m/887-small_default.jpg
MEDELA,https://www.paranewera.com/brand/515-medela,https://pnecdn1-2074b.kxcdn.com/img/m/515-small_default.jpg
MEDILEN,https://www.paranewera.com/brand/407-medilen,https://pnecdn2-2074b.kxcdn.com/img/m/407-small_default.jpg
MEGAPLAST,https://www.paranewera.com/brand/447-megaplast,https://pnecdn1-2074b.kxcdn.com/img/m/447-small_default.jpg
MERIDOL,https://www.paranewera.com/brand/650-meridol,https://pnecdn1-2074b.kxcdn.com/img/m/650-small_default.jpg
MERZ SPEZIAL,https://www.paranewera.com/brand/533-merz-spezial,https://pnecdn2-2074b.kxcdn.com/img/m/533-small_default.jpg
MESOESTETIC,https://www.paranewera.com/brand/463-mesoestetic,https://pnecdn1-2074b.kxcdn.com/img/m/463-small_default.jpg
MGD NATURE,https://www.paranewera.com/brand/225-mgd-nature,https://pnecdn1-2074b.kxcdn.com/img/m/225-small_default.jpg
MICROLIFE,https://www.paranewera.com/brand/916-microlife,https://pnecdn1-2074b.kxcdn.com/img/m/916-small_default.jpg
MIRADENT,https://www.paranewera.com/brand/227-miradent,https://pnecdn2-2074b.kxcdn.com/img/m/227-small_default.jpg
MISTER SIZE,https://www.paranewera.com/brand/871-mister-size,https://pnecdn1-2074b.kxcdn.com/img/m/871-small_default.jpg
MKL GREEN NATURE,https://www.paranewera.com/brand/855-mkl-green-nature,https://pnecdn1-2074b.kxcdn.com/img/m/855-small_default.jpg
MOUSTIDOSE,https://www.paranewera.com/brand/231-moustidose,https://pnecdn1-2074b.kxcdn.com/img/m/231-small_default.jpg
MUA,https://www.paranewera.com/brand/802-mua,https://pnecdn1-2074b.kxcdn.com/img/m/802-small_default.jpg
MUSHIE,https://www.paranewera.com/brand/893-mushie,https://pnecdn1-2074b.kxcdn.com/img/m/893-small_default.jpg
Mussvital,https://www.paranewera.com/brand/393-mussvital,https://pnecdn2-2074b.kxcdn.com/img/m/393-small_default.jpg
MUSTELA,https://www.paranewera.com/brand/234-mustela,https://pnecdn1-2074b.kxcdn.com/img/m/234-small_default.jpg
NAF NAF,https://www.paranewera.com/brand/835-naf-naf,https://pnecdn2-2074b.kxcdn.com/img/m/835-small_default.jpg
NAILMATIC,https://www.paranewera.com/brand/570-nailmatic,https://pnecdn2-2074b.kxcdn.com/img/m/570-small_default.jpg
NATRACARE,https://www.paranewera.com/brand/431-natracare,https://pnecdn1-2074b.kxcdn.com/img/m/431-small_default.jpg
NATTOU,https://www.paranewera.com/brand/925-nattou,https://pnecdn2-2074b.kxcdn.com/img/m/925-small_default.jpg
NATURE SOIN,https://www.paranewera.com/brand/238-nature-soin,https://pnecdn2-2074b.kxcdn.com/img/m/238-small_default.jpg
NATURE'S,https://www.paranewera.com/brand/688-nature-s,https://pnecdn1-2074b.kxcdn.com/img/m/688-small_default.jpg
NATURGREEN,https://www.paranewera.com/brand/493-naturgreen,https://pnecdn2-2074b.kxcdn.com/img/m/493-small_default.jpg
NEO PARFUM,https://www.paranewera.com/brand/842-neo-parfum,https://pnecdn2-2074b.kxcdn.com/img/m/842-small_default.jpg
NEOLISS,https://www.paranewera.com/brand/243-neoliss,https://pnecdn1-2074b.kxcdn.com/img/m/243-small_default.jpg
NEORETIN,https://www.paranewera.com/brand/244-neoretin,https://pnecdn2-2074b.kxcdn.com/img/m/244-small_default.jpg
NEOSTRATA,https://www.paranewera.com/brand/245-neostrata,https://pnecdn2-2074b.kxcdn.com/img/m/245-small_default.jpg
NEROLA,https://www.paranewera.com/brand/391-nerola,https://pnecdn1-2074b.kxcdn.com/img/m/391-small_default.jpg
NEUTRADERM,https://www.paranewera.com/brand/246-neutraderm,https://pnecdn1-2074b.kxcdn.com/img/m/246-small_default.jpg
NEUTROGENA,https://www.paranewera.com/brand/248-neutrogena,https://pnecdn1-2074b.kxcdn.com/img/m/248-small_default.jpg
NEW OIL COSMETICS,https://www.paranewera.com/brand/660-new-oil-cosmetics,https://pnecdn1-2074b.kxcdn.com/img/m/660-small_default.jpg
NEWDERM,https://www.paranewera.com/brand/428-newderm,https://pnecdn2-2074b.kxcdn.com/img/m/428-small_default.jpg
NIACIDE,https://www.paranewera.com/brand/902-niacide,https://pnecdn1-2074b.kxcdn.com/img/m/902-small_default.jpg
NIACINAZ,https://www.paranewera.com/brand/929-niacinaz,https://pnecdn1-2074b.kxcdn.com/img/m/929-small_default.jpg
NIRVEL proffessionel,https://www.paranewera.com/brand/491-nirvel-proffessionel,https://pnecdn1-2074b.kxcdn.com/img/m/491-small_default.jpg
NIVEA LUMINOUS,https://www.paranewera.com/brand/656-nivea-luminous,https://pnecdn2-2074b.kxcdn.com/img/m/656-small_default.jpg
NO BACTER,https://www.paranewera.com/brand/251-no-bacter,https://pnecdn2-2074b.kxcdn.com/img/m/251-small_default.jpg
NOHOOH,https://www.paranewera.com/brand/409-nohooh,https://pnecdn2-2074b.kxcdn.com/img/m/409-small_default.jpg
NOLAHOUR,https://www.paranewera.com/brand/868-nolahour,https://pnecdn2-2074b.kxcdn.com/img/m/868-small_default.jpg
NOREVA,https://www.paranewera.com/brand/253-noreva,https://pnecdn1-2074b.kxcdn.com/img/m/253-small_default.jpg
NOSIBOO,https://www.paranewera.com/brand/892-nosiboo,https://pnecdn1-2074b.kxcdn.com/img/m/892-small_default.jpg
NOT GUILTY,https://www.paranewera.com/brand/875-not-guilty,https://pnecdn1-2074b.kxcdn.com/img/m/875-small_default.jpg
NOTRE BEBE,https://www.paranewera.com/brand/919-notre-bebe,https://pnecdn1-2074b.kxcdn.com/img/m/919-small_default.jpg
NOURKRIN,https://www.paranewera.com/brand/904-nourkrin,https://pnecdn2-2074b.kxcdn.com/img/m/904-small_default.jpg
NOVAHAIR,https://www.paranewera.com/brand/806-novahair,https://pnecdn1-2074b.kxcdn.com/img/m/806-small_default.jpg
NOVEXPERT,https://www.paranewera.com/brand/426-novexpert,https://pnecdn2-2074b.kxcdn.com/img/m/426-small_default.jpg
NOW,https://www.paranewera.com/brand/519-now,https://pnecdn2-2074b.kxcdn.com/img/m/519-small_default.jpg
NUBIANCE,https://www.paranewera.com/brand/479-nubiance,https://pnecdn1-2074b.kxcdn.com/img/m/479-small_default.jpg
NUBY,https://www.paranewera.com/brand/558-nuby,https://pnecdn1-2074b.kxcdn.com/img/m/558-small_default.jpg
NUHANCIAM,https://www.paranewera.com/brand/256-nuhanciam,https://pnecdn1-2074b.kxcdn.com/img/m/256-small_default.jpg
NUTRALIE,https://www.paranewera.com/brand/708-nutralie,https://pnecdn1-2074b.kxcdn.com/img/m/708-small_default.jpg
NUTRILAB,https://www.paranewera.com/brand/607-nutrilab,https://pnecdn1-2074b.kxcdn.com/img/m/607-small_default.jpg
NUTRIMAX,https://www.paranewera.com/brand/261-nutrimax,https://pnecdn2-2074b.kxcdn.com/img/m/261-small_default.jpg
NUTRISANTE,https://www.paranewera.com/brand/497-nutrisante,https://pnecdn2-2074b.kxcdn.com/img/m/497-small_default.jpg
NUVITA,https://www.paranewera.com/brand/636-nuvita,https://pnecdn1-2074b.kxcdn.com/img/m/636-small_default.jpg
NUXE,https://www.paranewera.com/brand/263-nuxe,https://pnecdn1-2074b.kxcdn.com/img/m/263-small_default.jpg
NYDA,https://www.paranewera.com/brand/639-nyda,https://pnecdn1-2074b.kxcdn.com/img/m/639-small_default.jpg
O'LYSEE,https://www.paranewera.com/brand/785-o-lysee,https://pnecdn2-2074b.kxcdn.com/img/m/785-small_default.jpg
O.B tampons,https://www.paranewera.com/brand/473-ob-tampons,https://pnecdn1-2074b.kxcdn.com/img/m/473-small_default.jpg
OKAMI BIO,https://www.paranewera.com/brand/621-okami-bio,https://pnecdn2-2074b.kxcdn.com/img/m/621-small_default.jpg
OLAPLEX,https://www.paranewera.com/brand/694-olaplex,https://pnecdn2-2074b.kxcdn.com/img/m/694-small_default.jpg
OLEOBAN,https://www.paranewera.com/brand/266-oleoban,https://pnecdn1-2074b.kxcdn.com/img/m/266-small_default.jpg
OMRON,https://www.paranewera.com/brand/415-omron,https://pnecdn1-2074b.kxcdn.com/img/m/415-small_default.jpg
ON CALL,https://www.paranewera.com/brand/483-on-call,https://pnecdn2-2074b.kxcdn.com/img/m/483-small_default.jpg
ONAGRINE,https://www.paranewera.com/brand/269-onagrine,https://pnecdn1-2074b.kxcdn.com/img/m/269-small_default.jpg
ORAL-B,https://www.paranewera.com/brand/271-oral-b,https://pnecdn2-2074b.kxcdn.com/img/m/271-small_default.jpg
ORFINE,https://www.paranewera.com/brand/273-orfine,https://pnecdn1-2074b.kxcdn.com/img/m/273-small_default.jpg
ORTHOLAND,https://www.paranewera.com/brand/654-ortholand,https://pnecdn1-2074b.kxcdn.com/img/m/654-small_default.jpg
OTEZIA,https://www.paranewera.com/brand/903-otezia,https://pnecdn1-2074b.kxcdn.com/img/m/903-small_default.jpg
OTILYS,https://www.paranewera.com/brand/276-otilys,https://pnecdn1-2074b.kxcdn.com/img/m/276-small_default.jpg
oxyskin,https://www.paranewera.com/brand/791-oxyskin,https://pnecdn2-2074b.kxcdn.com/img/m/791-small_default.jpg
PALMER'S,https://www.paranewera.com/brand/414-palmer-s,https://pnecdn1-2074b.kxcdn.com/img/m/414-small_default.jpg
PANSORAL,https://www.paranewera.com/brand/278-pansoral,https://pnecdn1-2074b.kxcdn.com/img/m/278-small_default.jpg
PAPERMINTS,https://www.paranewera.com/brand/859-papermints,https://pnecdn2-2074b.kxcdn.com/img/m/859-small_default.jpg
PARASIDOSE,https://www.paranewera.com/brand/280-parasidose,https://pnecdn1-2074b.kxcdn.com/img/m/280-small_default.jpg
PARODIUM,https://www.paranewera.com/brand/281-parodium,https://pnecdn1-2074b.kxcdn.com/img/m/281-small_default.jpg
PARODONTAX,https://www.paranewera.com/brand/282-parodontax,https://pnecdn2-2074b.kxcdn.com/img/m/282-small_default.jpg
Parogyl,https://www.paranewera.com/brand/400-parogyl,https://pnecdn1-2074b.kxcdn.com/img/m/400-small_default.jpg
PATYKA,https://www.paranewera.com/brand/782-patyka,https://pnecdn1-2074b.kxcdn.com/img/m/782-small_default.jpg
PAUL DE VARTENS,https://www.paranewera.com/brand/898-paul-de-vartens,https://pnecdn1-2074b.kxcdn.com/img/m/898-small_default.jpg
PENTA MEDICAL,https://www.paranewera.com/brand/389-penta-medical,https://pnecdn2-2074b.kxcdn.com/img/m/389-small_default.jpg
PERIO-AID,https://www.paranewera.com/brand/554-perio-aid,https://pnecdn2-2074b.kxcdn.com/img/m/554-small_default.jpg
PHARMACERIS,https://www.paranewera.com/brand/390-pharmaceris,https://pnecdn1-2074b.kxcdn.com/img/m/390-small_default.jpg
PHILIPS,https://www.paranewera.com/brand/672-philips,https://pnecdn2-2074b.kxcdn.com/img/m/672-small_default.jpg
PHY,https://www.paranewera.com/brand/290-phy,https://pnecdn1-2074b.kxcdn.com/img/m/290-small_default.jpg
PHYSALIS,https://www.paranewera.com/brand/643-physalis,https://pnecdn2-2074b.kxcdn.com/img/m/643-small_default.jpg
PHYSIO NATURA,https://www.paranewera.com/brand/853-physio-natura,https://pnecdn2-2074b.kxcdn.com/img/m/853-small_default.jpg
PHYTEMA,https://www.paranewera.com/brand/466-phytema,https://pnecdn1-2074b.kxcdn.com/img/m/466-small_default.jpg
PHYTO,https://www.paranewera.com/brand/293-phyto,https://pnecdn2-2074b.kxcdn.com/img/m/293-small_default.jpg
PHYTO-ACTIF LABORATOIRE,https://www.paranewera.com/brand/469-phyto-actif-laboratoire,https://pnecdn1-2074b.kxcdn.com/img/m/469-small_default.jpg
PHYTOCAPILL,https://www.paranewera.com/brand/294-phytocapill,https://pnecdn1-2074b.kxcdn.com/img/m/294-small_default.jpg
PIERRE CARDIN,https://www.paranewera.com/brand/930-pierre-cardin,https://pnecdn2-2074b.kxcdn.com/img/m/930-small_default.jpg
PIERROT,https://www.paranewera.com/brand/882-pierrot,https://pnecdn1-2074b.kxcdn.com/img/m/882-small_default.jpg
PIERROT,https://www.paranewera.com/brand/679-pierrot,https://pnecdn2-2074b.kxcdn.com/img/m/679-small_default.jpg
PILEJE,https://www.paranewera.com/brand/674-pileje,https://pnecdn1-2074b.kxcdn.com/img/m/674-small_default.jpg
PINGO,https://www.paranewera.com/brand/547-pingo,https://pnecdn1-2074b.kxcdn.com/img/m/547-small_default.jpg
PLACENTOR VEGETAL,https://www.paranewera.com/brand/299-placentor-vegetal,https://pnecdn2-2074b.kxcdn.com/img/m/299-small_default.jpg
PLANETE AU NATUREL,https://www.paranewera.com/brand/926-planete-au-naturel,https://pnecdn1-2074b.kxcdn.com/img/m/926-small_default.jpg
PLENIDAY,https://www.paranewera.com/brand/480-pleniday,https://pnecdn1-2074b.kxcdn.com/img/m/480-small_default.jpg
PLUSSSZ,https://www.paranewera.com/brand/647-plusssz,https://pnecdn2-2074b.kxcdn.com/img/m/647-small_default.jpg
POLAAR,https://www.paranewera.com/brand/408-polaar,https://pnecdn2-2074b.kxcdn.com/img/m/408-small_default.jpg
PRESIDENT,https://www.paranewera.com/brand/303-president,https://pnecdn2-2074b.kxcdn.com/img/m/303-small_default.jpg
PRIM CARE,https://www.paranewera.com/brand/465-prim-care,https://pnecdn2-2074b.kxcdn.com/img/m/465-small_default.jpg
PRIMÉAL,https://www.paranewera.com/brand/304-primeal,https://pnecdn1-2074b.kxcdn.com/img/m/304-small_default.jpg
PRINCE ET PRINCESSE LILI,https://www.paranewera.com/brand/514-prince-et-princesse-lili,https://pnecdn1-2074b.kxcdn.com/img/m/514-small_default.jpg
PROPHAR,https://www.paranewera.com/brand/571-prophar,https://pnecdn2-2074b.kxcdn.com/img/m/571-small_default.jpg
Pur,https://www.paranewera.com/brand/395-pur,https://pnecdn1-2074b.kxcdn.com/img/m/395-small_default.jpg
PUR NATUREL,https://www.paranewera.com/brand/591-pur-naturel,https://pnecdn1-2074b.kxcdn.com/img/m/591-small_default.jpg
PURASANA,https://www.paranewera.com/brand/566-purasana,https://pnecdn1-2074b.kxcdn.com/img/m/566-small_default.jpg
PURESSENTIEL,https://www.paranewera.com/brand/311-puressentiel,https://pnecdn1-2074b.kxcdn.com/img/m/311-small_default.jpg
PURIADERM CANADA,https://www.paranewera.com/brand/314-puriaderm-canada,https://pnecdn1-2074b.kxcdn.com/img/m/314-small_default.jpg
QUIES,https://www.paranewera.com/brand/315-quies,https://pnecdn1-2074b.kxcdn.com/img/m/315-small_default.jpg
Quintesens,https://www.paranewera.com/brand/847-quintesens,https://pnecdn2-2074b.kxcdn.com/img/m/847-small_default.jpg
RACINE-VITA,https://www.paranewera.com/brand/317-racine-vita,https://pnecdn2-2074b.kxcdn.com/img/m/317-small_default.jpg
Rampal Latour,https://www.paranewera.com/brand/602-rampal-latour,https://pnecdn1-2074b.kxcdn.com/img/m/602-small_default.jpg
REER,https://www.paranewera.com/brand/560-reer,https://pnecdn2-2074b.kxcdn.com/img/m/560-small_default.jpg
REMESCAR,https://www.paranewera.com/brand/663-remescar,https://pnecdn2-2074b.kxcdn.com/img/m/663-small_default.jpg
RENAISSANCE,https://www.paranewera.com/brand/468-renaissance,https://pnecdn1-2074b.kxcdn.com/img/m/468-small_default.jpg
RESULTIME,https://www.paranewera.com/brand/445-resultime,https://pnecdn2-2074b.kxcdn.com/img/m/445-small_default.jpg
REVITALASH,https://www.paranewera.com/brand/489-revitalash,https://pnecdn2-2074b.kxcdn.com/img/m/489-small_default.jpg
REVLON,https://www.paranewera.com/brand/786-revlon,https://pnecdn1-2074b.kxcdn.com/img/m/786-small_default.jpg
REVOX,https://www.paranewera.com/brand/819-revox,https://pnecdn1-2074b.kxcdn.com/img/m/819-small_default.jpg
RICHTER'S,https://www.paranewera.com/brand/502-richter-s,https://pnecdn2-2074b.kxcdn.com/img/m/502-small_default.jpg
RIEMANN P20,https://www.paranewera.com/brand/321-riemann-p20,https://pnecdn1-2074b.kxcdn.com/img/m/321-small_default.jpg
RILASTIL,https://www.paranewera.com/brand/322-rilastil,https://pnecdn2-2074b.kxcdn.com/img/m/322-small_default.jpg
RITUELS D'ORIENT,https://www.paranewera.com/brand/323-rituels-d-orient,https://pnecdn2-2074b.kxcdn.com/img/m/323-small_default.jpg
ROGE CAVAILLES,https://www.paranewera.com/brand/324-roge-cavailles,https://pnecdn1-2074b.kxcdn.com/img/m/324-small_default.jpg
ROGER & GALLET,https://www.paranewera.com/brand/669-roger-gallet,https://pnecdn2-2074b.kxcdn.com/img/m/669-small_default.jpg
ROMON NATURE,https://www.paranewera.com/brand/587-romon-nature,https://pnecdn2-2074b.kxcdn.com/img/m/587-small_default.jpg
S+SWLAB,https://www.paranewera.com/brand/858-sswlab,https://pnecdn2-2074b.kxcdn.com/img/m/858-small_default.jpg
SALUSTAR,https://www.paranewera.com/brand/787-salustar,https://pnecdn1-2074b.kxcdn.com/img/m/787-small_default.jpg
SAMPAR,https://www.paranewera.com/brand/425-sampar,https://pnecdn1-2074b.kxcdn.com/img/m/425-small_default.jpg
SANCTUARY,https://www.paranewera.com/brand/484-sanctuary,https://pnecdn1-2074b.kxcdn.com/img/m/484-small_default.jpg
SANOGYL,https://www.paranewera.com/brand/326-sanogyl,https://pnecdn2-2074b.kxcdn.com/img/m/326-small_default.jpg
SANTAROME BIO,https://www.paranewera.com/brand/616-santarome-bio,https://pnecdn1-2074b.kxcdn.com/img/m/616-small_default.jpg
SANTE BIO,https://www.paranewera.com/brand/877-sante-bio,https://pnecdn2-2074b.kxcdn.com/img/m/877-small_default.jpg
SANTE BIO,https://www.paranewera.com/brand/876-sante-bio,https://pnecdn2-2074b.kxcdn.com/img/m/876-small_default.jpg
Scoot and Ride,https://www.paranewera.com/brand/917-scoot-and-ride,https://pnecdn1-2074b.kxcdn.com/img/m/917-small_default.jpg
SELENIA,https://www.paranewera.com/brand/856-selenia,https://pnecdn2-2074b.kxcdn.com/img/m/856-small_default.jpg
SENSILIS,https://www.paranewera.com/brand/537-sensilis,https://pnecdn2-2074b.kxcdn.com/img/m/537-small_default.jpg
SENSODYNE,https://www.paranewera.com/brand/330-sensodyne,https://pnecdn1-2074b.kxcdn.com/img/m/330-small_default.jpg
SEPTIMYL,https://www.paranewera.com/brand/331-septimyl,https://pnecdn1-2074b.kxcdn.com/img/m/331-small_default.jpg
SESDERMA,https://www.paranewera.com/brand/333-sesderma,https://pnecdn2-2074b.kxcdn.com/img/m/333-small_default.jpg
SEXYHAIR,https://www.paranewera.com/brand/583-sexyhair,https://pnecdn2-2074b.kxcdn.com/img/m/583-small_default.jpg
SHIORI,https://www.paranewera.com/brand/841-shiori,https://pnecdn1-2074b.kxcdn.com/img/m/841-small_default.jpg
SKIN TEA,https://www.paranewera.com/brand/335-skin-tea,https://pnecdn1-2074b.kxcdn.com/img/m/335-small_default.jpg
SKIN1004,https://www.paranewera.com/brand/932-skin1004,https://pnecdn1-2074b.kxcdn.com/img/m/932-small_default.jpg
skinChemists,https://www.paranewera.com/brand/666-skinchemists,https://pnecdn2-2074b.kxcdn.com/img/m/666-small_default.jpg
SKINING,https://www.paranewera.com/brand/336-skining,https://pnecdn2-2074b.kxcdn.com/img/m/336-small_default.jpg
SKINOR BIO,https://www.paranewera.com/brand/691-skinor-bio,https://pnecdn2-2074b.kxcdn.com/img/m/691-small_default.jpg
SKINTSUGI,https://www.paranewera.com/brand/646-skintsugi,https://pnecdn2-2074b.kxcdn.com/img/m/646-small_default.jpg
SO BIO'ETIC BABY,https://www.paranewera.com/brand/574-so-bio-etic-baby,https://pnecdn2-2074b.kxcdn.com/img/m/574-small_default.jpg
SO'BIO ETIC,https://www.paranewera.com/brand/381-so-bio-etic,https://pnecdn1-2074b.kxcdn.com/img/m/381-small_default.jpg
SOIVRE,https://www.paranewera.com/brand/831-soivre,https://pnecdn2-2074b.kxcdn.com/img/m/831-small_default.jpg
SOIVRE,https://www.paranewera.com/brand/857-soivre,https://pnecdn2-2074b.kxcdn.com/img/m/857-small_default.jpg
Solinotes,https://www.paranewera.com/brand/596-solinotes,https://pnecdn2-2074b.kxcdn.com/img/m/596-small_default.jpg
SOLUFORM,https://www.paranewera.com/brand/593-soluform,https://pnecdn2-2074b.kxcdn.com/img/m/593-small_default.jpg
SOMATOLINE,https://www.paranewera.com/brand/339-somatoline,https://pnecdn2-2074b.kxcdn.com/img/m/339-small_default.jpg
SOMEBYMI,https://www.paranewera.com/brand/808-somebymi,https://pnecdn1-2074b.kxcdn.com/img/m/808-small_default.jpg
SOPHIESKIN,https://www.paranewera.com/brand/825-sophieskin,https://pnecdn2-2074b.kxcdn.com/img/m/825-small_default.jpg
SOSKIN,https://www.paranewera.com/brand/341-soskin,https://pnecdn2-2074b.kxcdn.com/img/m/341-small_default.jpg
STERIMAR,https://www.paranewera.com/brand/346-sterimar,https://pnecdn1-2074b.kxcdn.com/img/m/346-small_default.jpg
SUPER DIET,https://www.paranewera.com/brand/350-super-diet,https://pnecdn2-2074b.kxcdn.com/img/m/350-small_default.jpg
SVR,https://www.paranewera.com/brand/352-svr,https://pnecdn1-2074b.kxcdn.com/img/m/352-small_default.jpg
System 360,https://www.paranewera.com/brand/837-system-360,https://pnecdn1-2074b.kxcdn.com/img/m/837-small_default.jpg
TADAM,https://www.paranewera.com/brand/658-tadam,https://pnecdn2-2074b.kxcdn.com/img/m/658-small_default.jpg
TARGALIA,https://www.paranewera.com/brand/865-targalia,https://pnecdn1-2074b.kxcdn.com/img/m/865-small_default.jpg
TEPE,https://www.paranewera.com/brand/854-tepe,https://pnecdn1-2074b.kxcdn.com/img/m/854-small_default.jpg
TERRASANA,https://www.paranewera.com/brand/603-terrasana,https://pnecdn1-2074b.kxcdn.com/img/m/603-small_default.jpg
THE CHEEKY PANDA,https://www.paranewera.com/brand/913-the-cheeky-panda,https://pnecdn1-2074b.kxcdn.com/img/m/913-small_default.jpg
THE COSMETIC REPUBLIC,https://www.paranewera.com/brand/703-the-cosmetic-republic,https://pnecdn1-2074b.kxcdn.com/img/m/703-small_default.jpg
THE HUMBLE CO,https://www.paranewera.com/brand/548-the-humble-co,https://pnecdn1-2074b.kxcdn.com/img/m/548-small_default.jpg
THERAPIA LAB,https://www.paranewera.com/brand/579-therapia-lab,https://pnecdn1-2074b.kxcdn.com/img/m/579-small_default.jpg
THUASNE,https://www.paranewera.com/brand/436-thuasne,https://pnecdn2-2074b.kxcdn.com/img/m/436-small_default.jpg
TIDOO,https://www.paranewera.com/brand/557-tidoo,https://pnecdn1-2074b.kxcdn.com/img/m/557-small_default.jpg
TINY TWINKLE,https://www.paranewera.com/brand/915-tiny-twinkle,https://pnecdn2-2074b.kxcdn.com/img/m/915-small_default.jpg
TIPS HALER,https://www.paranewera.com/brand/615-tips-haler,https://pnecdn2-2074b.kxcdn.com/img/m/615-small_default.jpg
TOCOBO,https://www.paranewera.com/brand/867-tocobo,https://pnecdn2-2074b.kxcdn.com/img/m/867-small_default.jpg
TRICOVEL,https://www.paranewera.com/brand/517-tricovel,https://pnecdn2-2074b.kxcdn.com/img/m/517-small_default.jpg
TRUE MINT,https://www.paranewera.com/brand/839-true-mint,https://pnecdn1-2074b.kxcdn.com/img/m/839-small_default.jpg
UBERTI,https://www.paranewera.com/brand/534-uberti,https://pnecdn1-2074b.kxcdn.com/img/m/534-small_default.jpg
ULTRABIOTIQUE,https://www.paranewera.com/brand/911-ultrabiotique,https://pnecdn2-2074b.kxcdn.com/img/m/911-small_default.jpg
ULTRAFORM,https://www.paranewera.com/brand/852-ultraform,https://pnecdn2-2074b.kxcdn.com/img/m/852-small_default.jpg
ULTRASUN,https://www.paranewera.com/brand/486-ultrasun,https://pnecdn2-2074b.kxcdn.com/img/m/486-small_default.jpg
UNIDERM,https://www.paranewera.com/brand/357-uniderm,https://pnecdn1-2074b.kxcdn.com/img/m/357-small_default.jpg
URBAN CARE,https://www.paranewera.com/brand/652-urban-care,https://pnecdn2-2074b.kxcdn.com/img/m/652-small_default.jpg
URGO,https://www.paranewera.com/brand/363-urgo,https://pnecdn1-2074b.kxcdn.com/img/m/363-small_default.jpg
URIAGE,https://www.paranewera.com/brand/364-uriage,https://pnecdn2-2074b.kxcdn.com/img/m/364-small_default.jpg
URIAGE BEBE,https://www.paranewera.com/brand/421-uriage-bebe,https://pnecdn1-2074b.kxcdn.com/img/m/421-small_default.jpg
UV CONTROL,https://www.paranewera.com/brand/365-uv-control,https://pnecdn2-2074b.kxcdn.com/img/m/365-small_default.jpg
UVP,https://www.paranewera.com/brand/366-uvp,https://pnecdn1-2074b.kxcdn.com/img/m/366-small_default.jpg
Vahéma Monoi de Tahiti,https://www.paranewera.com/brand/392-vahema-monoi-de-tahiti,https://pnecdn2-2074b.kxcdn.com/img/m/392-small_default.jpg
VICHY,https://www.paranewera.com/brand/368-vichy,https://pnecdn1-2074b.kxcdn.com/img/m/368-small_default.jpg
VIT'ALL +,https://www.paranewera.com/brand/630-vit-all-,https://pnecdn2-2074b.kxcdn.com/img/m/630-small_default.jpg
VITA CITRAL,https://www.paranewera.com/brand/370-vita-citral,https://pnecdn2-2074b.kxcdn.com/img/m/370-small_default.jpg
VITABIOTICS,https://www.paranewera.com/brand/371-vitabiotics,https://pnecdn2-2074b.kxcdn.com/img/m/371-small_default.jpg
VITIS,https://www.paranewera.com/brand/420-vitis,https://pnecdn1-2074b.kxcdn.com/img/m/420-small_default.jpg
VIVACHEK,https://www.paranewera.com/brand/453-vivachek,https://pnecdn1-2074b.kxcdn.com/img/m/453-small_default.jpg
voelkel,https://www.paranewera.com/brand/599-voelkel,https://pnecdn2-2074b.kxcdn.com/img/m/599-small_default.jpg
WATERWIPES,https://www.paranewera.com/brand/550-waterwipes,https://pnecdn2-2074b.kxcdn.com/img/m/550-small_default.jpg
WELEDA,https://www.paranewera.com/brand/472-weleda,https://pnecdn1-2074b.kxcdn.com/img/m/472-small_default.jpg
WELLDON,https://www.paranewera.com/brand/798-welldon,https://pnecdn1-2074b.kxcdn.com/img/m/798-small_default.jpg
WINNER,https://www.paranewera.com/brand/606-winner,https://pnecdn1-2074b.kxcdn.com/img/m/606-small_default.jpg
WOLLEMIA,https://www.paranewera.com/brand/620-wollemia,https://pnecdn2-2074b.kxcdn.com/img/m/620-small_default.jpg
YOGI TEA,https://www.paranewera.com/brand/417-yogi-tea,https://pnecdn2-2074b.kxcdn.com/img/m/417-small_default.jpg
YUMMY,https://www.paranewera.com/brand/869-yummy,https://pnecdn2-2074b.kxcdn.com/img/m/fr-default-small_default.jpg
YVES PONROY,https://www.paranewera.com/brand/378-yves-ponroy,https://pnecdn1-2074b.kxcdn.com/img/m/378-small_default.jpg
ZENSKA,https://www.paranewera.com/brand/683-zenska,https://pnecdn1-2074b.kxcdn.com/img/m/683-small_default.jpg
ZO SKIN HEALTH,https://www.paranewera.com/brand/685-zo-skin-health,https://pnecdn2-2074b.kxcdn.com/img/m/685-small_default.jpg
